{
  "referenceSize": [
    1672,
    941
  ],
  "assumedBase": [
    2048,
    1152
  ],
  "scale": [
    0.81640625,
    0.8168402777777778
  ],
  "components": {
    "topbar": {
      "baseBox": [
        0,
        0,
        2048,
        126
      ],
      "scaledReferenceBox": [
        0,
        0,
        1672,
        103
      ],
      "referenceSize": [
        1672,
        103
      ],
      "referenceMeanRgb": [
        20.72,
        26.56,
        29.24
      ]
    },
    "left-rail": {
      "baseBox": [
        0,
        126,
        382,
        1028
      ],
      "scaledReferenceBox": [
        0,
        103,
        312,
        840
      ],
      "referenceSize": [
        312,
        737
      ],
      "referenceMeanRgb": [
        24.35,
        32.58,
        35.76
      ]
    },
    "mini-grid-overview": {
      "baseBox": [
        8,
        820,
        370,
        1024
      ],
      "scaledReferenceBox": [
        7,
        670,
        302,
        836
      ],
      "referenceSize": [
        295,
        166
      ],
      "referenceMeanRgb": [
        23.22,
        35.97,
        39.16
      ]
    },
    "central-map": {
      "baseBox": [
        382,
        126,
        1590,
        1028
      ],
      "scaledReferenceBox": [
        312,
        103,
        1298,
        840
      ],
      "referenceSize": [
        986,
        737
      ],
      "referenceMeanRgb": [
        45.78,
        68.22,
        77.81
      ]
    },
    "right-panel": {
      "baseBox": [
        1590,
        126,
        2048,
        1028
      ],
      "scaledReferenceBox": [
        1298,
        103,
        1672,
        840
      ],
      "referenceSize": [
        374,
        737
      ],
      "referenceMeanRgb": [
        22.47,
        34.25,
        38.58
      ]
    },
    "alert-dock": {
      "baseBox": [
        0,
        1028,
        2048,
        1152
      ],
      "scaledReferenceBox": [
        0,
        840,
        1672,
        941
      ],
      "referenceSize": [
        1672,
        101
      ],
      "referenceMeanRgb": [
        23.11,
        25.22,
        27.15
      ]
    }
  }
}